name,link
Avery,https://musiclab.chromeexperiments.com/Song-Maker/song/4646052662607872
Landon,https://musiclab.chromeexperiments.com/Song-Maker/song/5390246075170816
Elizabeth,https://musiclab.chromeexperiments.com/Song-Maker/song/4914262951591936
Gianna,https://musiclab.chromeexperiments.com/Song-Maker/song/6478765606567936
Ryder,https://musiclab.chromeexperiments.com/Song-Maker/song/6040397487800320
Evianys,https://musiclab.chromeexperiments.com/Song-Maker/song/5246138916536320
Maisey,https://musiclab.chromeexperiments.com/Song-Maker/song/5245630969544704
Patrick,https://musiclab.chromeexperiments.com/Song-Maker/song/5388216887672832
Abigail,https://musiclab.chromeexperiments.com/Song-Maker/song/5087918898020352
Jack,https://musiclab.chromeexperiments.com/Song-Maker/song/4730549835923456
Michael,https://musiclab.chromeexperiments.com/Song-Maker/song/6463472503095296
Avery,https://musiclab.chromeexperiments.com/Song-Maker/song/4535007021367296
Landon,https://musiclab.chromeexperiments.com/Song-Maker/song/6495987821445120
Elizabeth,https://musiclab.chromeexperiments.com/Song-Maker/song/4885946383204352
Gianna,https://musiclab.chromeexperiments.com/Song-Maker/song/5420862128783360
Ryder,https://musiclab.chromeexperiments.com/Song-Maker/song/5163680023969792
Evianys,https://musiclab.chromeexperiments.com/Song-Maker/song/4641713604788224
Evianys,https://musiclab.chromeexperiments.com/Song-Maker/song/6559823920365568
Maisey,https://musiclab.chromeexperiments.com/Song-Maker/song/4984648691089408
Patrick,https://musiclab.chromeexperiments.com/Song-Maker/song/4886285400408064
Abigail,https://musiclab.chromeexperiments.com/Song-Maker/song/6150501709119488
Michael,https://musiclab.chromeexperiments.com/Song-Maker/song/5078622575525888